{
  "train_loss": [
    23.383192922592162,
    21.77448488807678,
    21.446159792900087,
    20.902524463653563,
    20.627718413352966,
    20.432078988075258,
    20.151589136123658,
    20.064804131507874,
    20.36410751914978,
    20.00092293357849,
    19.146489077568056,
    19.002119558811188,
    18.99184517288208,
    19.012571477890013,
    18.58313885974884,
    18.063169676303865,
    18.245771752357484,
    18.119458087921142,
    17.774954007148743,
    17.053150071144103,
    16.634431819438934,
    16.27867465400696,
    15.874140132427216,
    15.041923184394836,
    14.291916328430176
  ],
  "val_loss": [
    17.12470532953739,
    17.579950779676437,
    17.339591845870018,
    15.772846221923828,
    19.161494717001915,
    15.215834401547909,
    15.756577774882317,
    17.66623741388321,
    18.826976105570793,
    15.811828687787056,
    15.248011998832226,
    15.935010895133018,
    15.04679598659277,
    14.128774516284466,
    14.954275347292423,
    14.877918243408203,
    49.51154804229736,
    15.023654907941818,
    14.038440711796284,
    14.13861995190382,
    14.815603636205196,
    16.592736572027206,
    17.32528007030487,
    16.238757960498333,
    15.686972238123417
  ],
  "train_mae": [
    2.898464346885681,
    2.7378709716796874,
    2.671082336425781,
    2.6244724426269532,
    2.6063392944335937,
    2.5835496215820313,
    2.5642028656005857,
    2.512231990814209,
    2.565969421386719,
    2.5087838706970214,
    2.4250616941452026,
    2.396884033203125,
    2.400630195617676,
    2.3916557998657226,
    2.3585920333862305,
    2.3471763362884523,
    2.3420840797424316,
    2.320349733352661,
    2.2965737438201903,
    2.252892378807068,
    2.1933113670349123,
    2.1747746443748475,
    2.14197437953949,
    2.1209563426971436,
    2.0276135635375976
  ],
  "val_mae": [
    2.732374332845211,
    2.9792613610625267,
    2.8664417564868927,
    2.43913321942091,
    3.3241217583417892,
    2.1921729035675526,
    2.3781344331800938,
    2.4656605571508408,
    2.450531706213951,
    2.2201744094491005,
    2.1433193534612656,
    2.1580528542399406,
    2.111540075391531,
    2.138071119785309,
    2.1020791605114937,
    2.196034789085388,
    5.86936229467392,
    2.13644665107131,
    2.12936969101429,
    2.101631049066782,
    2.1045925430953503,
    2.2215725108981133,
    2.305674444884062,
    2.2465710267424583,
    2.1948998533189297
  ],
  "lr": [
    0.001,
    0.001,
    0.001,
    0.001,
    0.001,
    0.001,
    0.001,
    0.001,
    0.001,
    0.0005,
    0.0005,
    0.0005,
    0.0005,
    0.0005,
    0.0005,
    0.0005,
    0.0005,
    0.0005,
    0.00025,
    0.00025,
    0.00025,
    0.00025,
    0.00025,
    0.000125,
    0.000125
  ]
}